<?xml version='1.0'?>
<report sr='28' groups='All groups' subset='All foods' end='150' start='0' total='8489'>
  <foods>
    <food ndbno='09427' name='Abiyuch, raw' weight='114.0' measure='0.5 cup'>
      <nutrients>
        <nutrient nutrient_id='208' nutrient='Energy' unit='kcal' value='79' gm='69.0' />
        <nutrient nutrient_id='269' nutrient='Sugars, total' unit='g' value='9.75' gm='8.55' />
        <nutrient nutrient_id='204' nutrient='Total lipid (fat)' unit='g' value='0.11' gm='0.1' />
        <nutrient nutrient_id='205' nutrient='Carbohydrate, by difference' unit='g' value='20.06' gm='17.6' />
      </nutrients>
    </food>
    <food ndbno='09002' name='Acerola juice, raw' weight='242.0' measure='1.0 cup'>
      <nutrients>
        <nutrient nutrient_id='208' nutrient='Energy' unit='kcal' value='56' gm='23.0' />
        <nutrient nutrient_id='269' nutrient='Sugars, total' unit='g' value='10.89' gm='4.5' />
        <nutrient nutrient_id='204' nutrient='Total lipid (fat)' unit='g' value='0.73' gm='0.3' />
        <nutrient nutrient_id='205' nutrient='Carbohydrate, by difference' unit='g' value='11.62' gm='4.8' />
      </nutrients>
    </food>
    <food ndbno='09001' name='Acerola, (west indian cherry), raw' weight='98.0' measure='1.0 cup'>
      <nutrients>
        <nutrient nutrient_id='208' nutrient='Energy' unit='kcal' value='31' gm='32.0' />
        <nutrient nutrient_id='269' nutrient='Sugars, total' unit='g' value='--' gm='--' />
        <nutrient nutrient_id='204' nutrient='Total lipid (fat)' unit='g' value='0.29' gm='0.3' />
        <nutrient nutrient_id='205' nutrient='Carbohydrate, by difference' unit='g' value='7.54' gm='7.69' />
      </nutrients>
    </food>
    <food ndbno='14006' name='Alcoholic beverage, beer, light' weight='29.5' measure='1.0 fl oz'>
      <nutrients>
        <nutrient nutrient_id='208' nutrient='Energy' unit='kcal' value='9' gm='29.0' />
        <nutrient nutrient_id='269' nutrient='Sugars, total' unit='g' value='0.03' gm='0.09' />
        <nutrient nutrient_id='204' nutrient='Total lipid (fat)' unit='g' value='0.00' gm='0.0' />
        <nutrient nutrient_id='205' nutrient='Carbohydrate, by difference' unit='g' value='0.48' gm='1.64' />
      </nutrients>
    </food>
    <food ndbno='14007' name='Alcoholic beverage, beer, light, BUD LIGHT' weight='29.5' measure='1.0 fl oz'>
      <nutrients>
        <nutrient nutrient_id='208' nutrient='Energy' unit='kcal' value='9' gm='29.0' />
        <nutrient nutrient_id='269' nutrient='Sugars, total' unit='g' value='--' gm='--' />
        <nutrient nutrient_id='204' nutrient='Total lipid (fat)' unit='g' value='0.00' gm='0.0' />
        <nutrient nutrient_id='205' nutrient='Carbohydrate, by difference' unit='g' value='0.38' gm='1.3' />
      </nutrients>
    </food>
    <food ndbno='14005' name='Alcoholic beverage, beer, light, BUDWEISER SELECT' weight='29.5' measure='1.0 fl oz'>
      <nutrients>
        <nutrient nutrient_id='208' nutrient='Energy' unit='kcal' value='8' gm='28.0' />
        <nutrient nutrient_id='269' nutrient='Sugars, total' unit='g' value='--' gm='--' />
        <nutrient nutrient_id='204' nutrient='Total lipid (fat)' unit='g' value='0.00' gm='0.0' />
        <nutrient nutrient_id='205' nutrient='Carbohydrate, by difference' unit='g' value='0.26' gm='0.87' />
      </nutrients>
    </food>
    <food ndbno='14248' name='Alcoholic beverage, beer, light, higher alcohol' weight='356.0' measure='12.0 fl oz'>
      <nutrients>
        <nutrient nutrient_id='208' nutrient='Energy' unit='kcal' value='164' gm='46.0' />
        <nutrient nutrient_id='269' nutrient='Sugars, total' unit='g' value='0.32' gm='0.09' />
        <nutrient nutrient_id='204' nutrient='Total lipid (fat)' unit='g' value='0.00' gm='0.0' />
        <nutrient nutrient_id='205' nutrient='Carbohydrate, by difference' unit='g' value='2.74' gm='0.77' />
      </nutrients>
    </food>
    <food ndbno='14013' name='Alcoholic beverage, beer, light, low carb' weight='29.5' measure='1.0 fl oz'>
      <nutrients>
        <nutrient nutrient_id='208' nutrient='Energy' unit='kcal' value='8' gm='27.0' />
        <nutrient nutrient_id='269' nutrient='Sugars, total' unit='g' value='--' gm='--' />
        <nutrient nutrient_id='204' nutrient='Total lipid (fat)' unit='g' value='0.00' gm='0.0' />
        <nutrient nutrient_id='205' nutrient='Carbohydrate, by difference' unit='g' value='0.22' gm='0.73' />
      </nutrients>
    </food>
    <food ndbno='14003' name='Alcoholic beverage, beer, regular, all' weight='29.7' measure='1.0 fl oz'>
      <nutrients>
        <nutrient nutrient_id='208' nutrient='Energy' unit='kcal' value='13' gm='43.0' />
        <nutrient nutrient_id='269' nutrient='Sugars, total' unit='g' value='--' gm='--' />
        <nutrient nutrient_id='204' nutrient='Total lipid (fat)' unit='g' value='0.00' gm='0.0' />
        <nutrient nutrient_id='205' nutrient='Carbohydrate, by difference' unit='g' value='1.05' gm='3.55' />
      </nutrients>
    </food>
    <food ndbno='14004' name='Alcoholic beverage, beer, regular, BUDWEISER' weight='29.8' measure='1.0 fl oz'>
      <nutrients>
        <nutrient nutrient_id='208' nutrient='Energy' unit='kcal' value='12' gm='41.0' />
        <nutrient nutrient_id='269' nutrient='Sugars, total' unit='g' value='--' gm='--' />
        <nutrient nutrient_id='204' nutrient='Total lipid (fat)' unit='g' value='0.00' gm='0.0' />
        <nutrient nutrient_id='205' nutrient='Carbohydrate, by difference' unit='g' value='0.89' gm='2.97' />
      </nutrients>
    </food>
    <food ndbno='14034' name='Alcoholic beverage, creme de menthe, 72 proof' weight='33.6' measure='1.0 fl oz'>
      <nutrients>
        <nutrient nutrient_id='208' nutrient='Energy' unit='kcal' value='125' gm='371.0' />
        <nutrient nutrient_id='269' nutrient='Sugars, total' unit='g' value='--' gm='--' />
        <nutrient nutrient_id='204' nutrient='Total lipid (fat)' unit='g' value='0.10' gm='0.3' />
        <nutrient nutrient_id='205' nutrient='Carbohydrate, by difference' unit='g' value='13.98' gm='41.6' />
      </nutrients>
    </food>
    <food ndbno='14009' name='Alcoholic beverage, daiquiri, canned' weight='30.5' measure='1.0 fl oz'>
      <nutrients>
        <nutrient nutrient_id='208' nutrient='Energy' unit='kcal' value='38' gm='125.0' />
        <nutrient nutrient_id='269' nutrient='Sugars, total' unit='g' value='--' gm='--' />
        <nutrient nutrient_id='204' nutrient='Total lipid (fat)' unit='g' value='0.00' gm='0.0' />
        <nutrient nutrient_id='205' nutrient='Carbohydrate, by difference' unit='g' value='4.79' gm='15.7' />
      </nutrients>
    </food>
    <food ndbno='14010' name='Alcoholic beverage, daiquiri, prepared-from-recipe' weight='30.2' measure='1.0 fl oz'>
      <nutrients>
        <nutrient nutrient_id='208' nutrient='Energy' unit='kcal' value='56' gm='186.0' />
        <nutrient nutrient_id='269' nutrient='Sugars, total' unit='g' value='1.69' gm='5.58' />
        <nutrient nutrient_id='204' nutrient='Total lipid (fat)' unit='g' value='0.02' gm='0.06' />
        <nutrient nutrient_id='205' nutrient='Carbohydrate, by difference' unit='g' value='2.10' gm='6.94' />
      </nutrients>
    </food>
    <food ndbno='14533' name='Alcoholic beverage, distilled, all (gin, rum, vodka, whiskey) 100 proof' weight='27.8' measure='1.0 fl oz'>
      <nutrients>
        <nutrient nutrient_id='208' nutrient='Energy' unit='kcal' value='82' gm='295.0' />
        <nutrient nutrient_id='269' nutrient='Sugars, total' unit='g' value='--' gm='--' />
        <nutrient nutrient_id='204' nutrient='Total lipid (fat)' unit='g' value='0.00' gm='0.0' />
        <nutrient nutrient_id='205' nutrient='Carbohydrate, by difference' unit='g' value='--' gm='--' />
      </nutrients>
    </food>
    <food ndbno='14037' name='Alcoholic beverage, distilled, all (gin, rum, vodka, whiskey) 80 proof' weight='27.8' measure='1.0 fl oz'>
      <nutrients>
        <nutrient nutrient_id='208' nutrient='Energy' unit='kcal' value='64' gm='231.0' />
        <nutrient nutrient_id='269' nutrient='Sugars, total' unit='g' value='--' gm='--' />
        <nutrient nutrient_id='204' nutrient='Total lipid (fat)' unit='g' value='0.00' gm='0.0' />
        <nutrient nutrient_id='205' nutrient='Carbohydrate, by difference' unit='g' value='--' gm='--' />
      </nutrients>
    </food>
    <food ndbno='14550' name='Alcoholic beverage, distilled, all (gin, rum, vodka, whiskey) 86 proof' weight='27.8' measure='1.0 fl oz'>
      <nutrients>
        <nutrient nutrient_id='208' nutrient='Energy' unit='kcal' value='70' gm='250.0' />
        <nutrient nutrient_id='269' nutrient='Sugars, total' unit='g' value='--' gm='--' />
        <nutrient nutrient_id='204' nutrient='Total lipid (fat)' unit='g' value='0.00' gm='0.0' />
        <nutrient nutrient_id='205' nutrient='Carbohydrate, by difference' unit='g' value='0.03' gm='0.1' />
      </nutrients>
    </food>
    <food ndbno='14551' name='Alcoholic beverage, distilled, all (gin, rum, vodka, whiskey) 90 proof' weight='27.8' measure='1.0 fl oz'>
      <nutrients>
        <nutrient nutrient_id='208' nutrient='Energy' unit='kcal' value='73' gm='263.0' />
        <nutrient nutrient_id='269' nutrient='Sugars, total' unit='g' value='--' gm='--' />
        <nutrient nutrient_id='204' nutrient='Total lipid (fat)' unit='g' value='0.00' gm='0.0' />
        <nutrient nutrient_id='205' nutrient='Carbohydrate, by difference' unit='g' value='--' gm='--' />
      </nutrients>
    </food>
    <food ndbno='14532' name='Alcoholic beverage, distilled, all (gin, rum, vodka, whiskey) 94 proof' weight='27.8' measure='1.0 fl oz'>
      <nutrients>
        <nutrient nutrient_id='208' nutrient='Energy' unit='kcal' value='76' gm='275.0' />
        <nutrient nutrient_id='269' nutrient='Sugars, total' unit='g' value='--' gm='--' />
        <nutrient nutrient_id='204' nutrient='Total lipid (fat)' unit='g' value='0.00' gm='0.0' />
        <nutrient nutrient_id='205' nutrient='Carbohydrate, by difference' unit='g' value='--' gm='--' />
      </nutrients>
    </food>
    <food ndbno='14049' name='Alcoholic beverage, distilled, gin, 90 proof' weight='27.8' measure='1.0 fl oz'>
      <nutrients>
        <nutrient nutrient_id='208' nutrient='Energy' unit='kcal' value='73' gm='263.0' />
        <nutrient nutrient_id='269' nutrient='Sugars, total' unit='g' value='--' gm='--' />
        <nutrient nutrient_id='204' nutrient='Total lipid (fat)' unit='g' value='0.00' gm='0.0' />
        <nutrient nutrient_id='205' nutrient='Carbohydrate, by difference' unit='g' value='--' gm='--' />
      </nutrients>
    </food>
    <food ndbno='14050' name='Alcoholic beverage, distilled, rum, 80 proof' weight='27.8' measure='1.0 fl oz'>
      <nutrients>
        <nutrient nutrient_id='208' nutrient='Energy' unit='kcal' value='64' gm='231.0' />
        <nutrient nutrient_id='269' nutrient='Sugars, total' unit='g' value='--' gm='--' />
        <nutrient nutrient_id='204' nutrient='Total lipid (fat)' unit='g' value='0.00' gm='0.0' />
        <nutrient nutrient_id='205' nutrient='Carbohydrate, by difference' unit='g' value='--' gm='--' />
      </nutrients>
    </food>
    <food ndbno='14051' name='Alcoholic beverage, distilled, vodka, 80 proof' weight='27.8' measure='1.0 fl oz'>
      <nutrients>
        <nutrient nutrient_id='208' nutrient='Energy' unit='kcal' value='64' gm='231.0' />
        <nutrient nutrient_id='269' nutrient='Sugars, total' unit='g' value='--' gm='--' />
        <nutrient nutrient_id='204' nutrient='Total lipid (fat)' unit='g' value='0.00' gm='0.0' />
        <nutrient nutrient_id='205' nutrient='Carbohydrate, by difference' unit='g' value='--' gm='--' />
      </nutrients>
    </food>
    <food ndbno='14052' name='Alcoholic beverage, distilled, whiskey, 86 proof' weight='27.8' measure='1.0 fl oz'>
      <nutrients>
        <nutrient nutrient_id='208' nutrient='Energy' unit='kcal' value='70' gm='250.0' />
        <nutrient nutrient_id='269' nutrient='Sugars, total' unit='g' value='--' gm='--' />
        <nutrient nutrient_id='204' nutrient='Total lipid (fat)' unit='g' value='0.00' gm='0.0' />
        <nutrient nutrient_id='205' nutrient='Carbohydrate, by difference' unit='g' value='0.03' gm='0.1' />
      </nutrients>
    </food>
    <food ndbno='14415' name='Alcoholic beverage, liqueur, coffee with cream, 34 proof' weight='31.1' measure='1.0 fl oz'>
      <nutrients>
        <nutrient nutrient_id='208' nutrient='Energy' unit='kcal' value='102' gm='327.0' />
        <nutrient nutrient_id='269' nutrient='Sugars, total' unit='g' value='6.15' gm='19.76' />
        <nutrient nutrient_id='204' nutrient='Total lipid (fat)' unit='g' value='4.88' gm='15.7' />
        <nutrient nutrient_id='205' nutrient='Carbohydrate, by difference' unit='g' value='6.50' gm='20.9' />
      </nutrients>
    </food>
    <food ndbno='14414' name='Alcoholic beverage, liqueur, coffee, 53 proof' weight='34.8' measure='1.0 fl oz'>
      <nutrients>
        <nutrient nutrient_id='208' nutrient='Energy' unit='kcal' value='117' gm='336.0' />
        <nutrient nutrient_id='269' nutrient='Sugars, total' unit='g' value='13.33' gm='38.3' />
        <nutrient nutrient_id='204' nutrient='Total lipid (fat)' unit='g' value='0.10' gm='0.3' />
        <nutrient nutrient_id='205' nutrient='Carbohydrate, by difference' unit='g' value='16.29' gm='46.8' />
      </nutrients>
    </food>
    <food ndbno='14534' name='Alcoholic beverage, liqueur, coffee, 63 proof' weight='34.8' measure='1.0 fl oz'>
      <nutrients>
        <nutrient nutrient_id='208' nutrient='Energy' unit='kcal' value='107' gm='308.0' />
        <nutrient nutrient_id='269' nutrient='Sugars, total' unit='g' value='--' gm='--' />
        <nutrient nutrient_id='204' nutrient='Total lipid (fat)' unit='g' value='0.10' gm='0.3' />
        <nutrient nutrient_id='205' nutrient='Carbohydrate, by difference' unit='g' value='11.21' gm='32.2' />
      </nutrients>
    </food>
    <food ndbno='14239' name='Alcoholic beverage, malt beer, hard lemonade' weight='335.0' measure='11.2 fl oz'>
      <nutrients>
        <nutrient nutrient_id='208' nutrient='Energy' unit='kcal' value='228' gm='68.0' />
        <nutrient nutrient_id='269' nutrient='Sugars, total' unit='g' value='32.73' gm='9.77' />
        <nutrient nutrient_id='204' nutrient='Total lipid (fat)' unit='g' value='0.00' gm='0.0' />
        <nutrient nutrient_id='205' nutrient='Carbohydrate, by difference' unit='g' value='33.73' gm='10.07' />
      </nutrients>
    </food>
    <food ndbno='14015' name='Alcoholic beverage, pina colada, canned' weight='32.6' measure='1.0 fl oz'>
      <nutrients>
        <nutrient nutrient_id='208' nutrient='Energy' unit='kcal' value='77' gm='237.0' />
        <nutrient nutrient_id='269' nutrient='Sugars, total' unit='g' value='--' gm='--' />
        <nutrient nutrient_id='204' nutrient='Total lipid (fat)' unit='g' value='2.48' gm='7.6' />
        <nutrient nutrient_id='205' nutrient='Carbohydrate, by difference' unit='g' value='9.00' gm='27.6' />
      </nutrients>
    </food>
    <food ndbno='14017' name='Alcoholic beverage, pina colada, prepared-from-recipe' weight='31.4' measure='1.0 fl oz'>
      <nutrients>
        <nutrient nutrient_id='208' nutrient='Energy' unit='kcal' value='55' gm='174.0' />
        <nutrient nutrient_id='269' nutrient='Sugars, total' unit='g' value='7.01' gm='22.33' />
        <nutrient nutrient_id='204' nutrient='Total lipid (fat)' unit='g' value='0.59' gm='1.88' />
        <nutrient nutrient_id='205' nutrient='Carbohydrate, by difference' unit='g' value='7.12' gm='22.66' />
      </nutrients>
    </food>
    <food ndbno='43479' name='Alcoholic beverage, rice (sake)' weight='29.1' measure='1.0 fl oz'>
      <nutrients>
        <nutrient nutrient_id='208' nutrient='Energy' unit='kcal' value='39' gm='134.0' />
        <nutrient nutrient_id='269' nutrient='Sugars, total' unit='g' value='--' gm='--' />
        <nutrient nutrient_id='204' nutrient='Total lipid (fat)' unit='g' value='0.00' gm='0.0' />
        <nutrient nutrient_id='205' nutrient='Carbohydrate, by difference' unit='g' value='1.46' gm='5.0' />
      </nutrients>
    </food>
    <food ndbno='14019' name='Alcoholic beverage, tequila sunrise, canned' weight='31.1' measure='1.0 fl oz'>
      <nutrients>
        <nutrient nutrient_id='208' nutrient='Energy' unit='kcal' value='34' gm='110.0' />
        <nutrient nutrient_id='269' nutrient='Sugars, total' unit='g' value='--' gm='--' />
        <nutrient nutrient_id='204' nutrient='Total lipid (fat)' unit='g' value='0.03' gm='0.1' />
        <nutrient nutrient_id='205' nutrient='Carbohydrate, by difference' unit='g' value='3.51' gm='11.3' />
      </nutrients>
    </food>
    <food ndbno='14531' name='Alcoholic beverage, whiskey sour' weight='30.4' measure='1.0 fl oz'>
      <nutrients>
        <nutrient nutrient_id='208' nutrient='Energy' unit='kcal' value='45' gm='149.0' />
        <nutrient nutrient_id='269' nutrient='Sugars, total' unit='g' value='--' gm='--' />
        <nutrient nutrient_id='204' nutrient='Total lipid (fat)' unit='g' value='0.01' gm='0.03' />
        <nutrient nutrient_id='205' nutrient='Carbohydrate, by difference' unit='g' value='4.00' gm='13.17' />
      </nutrients>
    </food>
    <food ndbno='14027' name='Alcoholic beverage, whiskey sour, canned' weight='30.8' measure='1.0 fl oz'>
      <nutrients>
        <nutrient nutrient_id='208' nutrient='Energy' unit='kcal' value='37' gm='119.0' />
        <nutrient nutrient_id='269' nutrient='Sugars, total' unit='g' value='--' gm='--' />
        <nutrient nutrient_id='204' nutrient='Total lipid (fat)' unit='g' value='0.00' gm='0.0' />
        <nutrient nutrient_id='205' nutrient='Carbohydrate, by difference' unit='g' value='4.13' gm='13.4' />
      </nutrients>
    </food>
    <food ndbno='14029' name='Alcoholic beverage, whiskey sour, prepared from item 14028' weight='30.4' measure='1.0 fl oz'>
      <nutrients>
        <nutrient nutrient_id='208' nutrient='Energy' unit='kcal' value='47' gm='153.0' />
        <nutrient nutrient_id='269' nutrient='Sugars, total' unit='g' value='3.89' gm='12.78' />
        <nutrient nutrient_id='204' nutrient='Total lipid (fat)' unit='g' value='0.02' gm='0.06' />
        <nutrient nutrient_id='205' nutrient='Carbohydrate, by difference' unit='g' value='3.90' gm='12.82' />
      </nutrients>
    </food>
    <food ndbno='14025' name='Alcoholic beverage, whiskey sour, prepared with water, whiskey and powder mix' weight='29.4' measure='1.0 fl oz'>
      <nutrients>
        <nutrient nutrient_id='208' nutrient='Energy' unit='kcal' value='48' gm='164.0' />
        <nutrient nutrient_id='269' nutrient='Sugars, total' unit='g' value='4.65' gm='15.81' />
        <nutrient nutrient_id='204' nutrient='Total lipid (fat)' unit='g' value='0.01' gm='0.02' />
        <nutrient nutrient_id='205' nutrient='Carbohydrate, by difference' unit='g' value='4.66' gm='15.85' />
      </nutrients>
    </food>
    <food ndbno='43154' name='Alcoholic beverage, wine, cooking' weight='4.9' measure='1.0 tsp'>
      <nutrients>
        <nutrient nutrient_id='208' nutrient='Energy' unit='kcal' value='2' gm='50.0' />
        <nutrient nutrient_id='269' nutrient='Sugars, total' unit='g' value='0.08' gm='1.55' />
        <nutrient nutrient_id='204' nutrient='Total lipid (fat)' unit='g' value='0.00' gm='0.0' />
        <nutrient nutrient_id='205' nutrient='Carbohydrate, by difference' unit='g' value='0.31' gm='6.3' />
      </nutrients>
    </food>
    <food ndbno='14536' name='Alcoholic beverage, wine, dessert, dry' weight='29.5' measure='1.0 fl oz'>
      <nutrients>
        <nutrient nutrient_id='208' nutrient='Energy' unit='kcal' value='45' gm='152.0' />
        <nutrient nutrient_id='269' nutrient='Sugars, total' unit='g' value='0.32' gm='1.09' />
        <nutrient nutrient_id='204' nutrient='Total lipid (fat)' unit='g' value='0.00' gm='0.0' />
        <nutrient nutrient_id='205' nutrient='Carbohydrate, by difference' unit='g' value='3.44' gm='11.67' />
      </nutrients>
    </food>
    <food ndbno='14057' name='Alcoholic beverage, wine, dessert, sweet' weight='29.5' measure='1.0 fl oz'>
      <nutrients>
        <nutrient nutrient_id='208' nutrient='Energy' unit='kcal' value='47' gm='160.0' />
        <nutrient nutrient_id='269' nutrient='Sugars, total' unit='g' value='2.30' gm='7.78' />
        <nutrient nutrient_id='204' nutrient='Total lipid (fat)' unit='g' value='0.00' gm='0.0' />
        <nutrient nutrient_id='205' nutrient='Carbohydrate, by difference' unit='g' value='4.04' gm='13.69' />
      </nutrients>
    </food>
    <food ndbno='43155' name='Alcoholic beverage, wine, light' weight='29.5' measure='1.0 fl oz'>
      <nutrients>
        <nutrient nutrient_id='208' nutrient='Energy' unit='kcal' value='14' gm='49.0' />
        <nutrient nutrient_id='269' nutrient='Sugars, total' unit='g' value='0.34' gm='1.15' />
        <nutrient nutrient_id='204' nutrient='Total lipid (fat)' unit='g' value='0.00' gm='0.0' />
        <nutrient nutrient_id='205' nutrient='Carbohydrate, by difference' unit='g' value='0.35' gm='1.17' />
      </nutrients>
    </food>
    <food ndbno='14084' name='Alcoholic beverage, wine, table, all' weight='148.0' measure='1.0 serving (5 fl oz)'>
      <nutrients>
        <nutrient nutrient_id='208' nutrient='Energy' unit='kcal' value='123' gm='83.0' />
        <nutrient nutrient_id='269' nutrient='Sugars, total' unit='g' value='1.17' gm='0.79' />
        <nutrient nutrient_id='204' nutrient='Total lipid (fat)' unit='g' value='0.00' gm='0.0' />
        <nutrient nutrient_id='205' nutrient='Carbohydrate, by difference' unit='g' value='4.03' gm='2.72' />
      </nutrients>
    </food>
    <food ndbno='14096' name='Alcoholic beverage, wine, table, red' weight='29.4' measure='1.0 fl oz'>
      <nutrients>
        <nutrient nutrient_id='208' nutrient='Energy' unit='kcal' value='25' gm='85.0' />
        <nutrient nutrient_id='269' nutrient='Sugars, total' unit='g' value='0.18' gm='0.62' />
        <nutrient nutrient_id='204' nutrient='Total lipid (fat)' unit='g' value='0.00' gm='0.0' />
        <nutrient nutrient_id='205' nutrient='Carbohydrate, by difference' unit='g' value='0.77' gm='2.61' />
      </nutrients>
    </food>
    <food ndbno='14101' name='Alcoholic Beverage, wine, table, red, Barbera' weight='29.4' measure='1.0 fl oz'>
      <nutrients>
        <nutrient nutrient_id='208' nutrient='Energy' unit='kcal' value='25' gm='85.0' />
        <nutrient nutrient_id='269' nutrient='Sugars, total' unit='g' value='--' gm='--' />
        <nutrient nutrient_id='204' nutrient='Total lipid (fat)' unit='g' value='0.00' gm='0.0' />
        <nutrient nutrient_id='205' nutrient='Carbohydrate, by difference' unit='g' value='0.82' gm='2.79' />
      </nutrients>
    </food>
    <food ndbno='14152' name='Alcoholic Beverage, wine, table, red, Burgundy' weight='29.5' measure='1.0 fl oz'>
      <nutrients>
        <nutrient nutrient_id='208' nutrient='Energy' unit='kcal' value='25' gm='86.0' />
        <nutrient nutrient_id='269' nutrient='Sugars, total' unit='g' value='--' gm='--' />
        <nutrient nutrient_id='204' nutrient='Total lipid (fat)' unit='g' value='0.00' gm='0.0' />
        <nutrient nutrient_id='205' nutrient='Carbohydrate, by difference' unit='g' value='1.09' gm='3.69' />
      </nutrients>
    </food>
    <food ndbno='14098' name='Alcoholic Beverage, wine, table, red, Cabernet Franc' weight='29.4' measure='1.0 fl oz'>
      <nutrients>
        <nutrient nutrient_id='208' nutrient='Energy' unit='kcal' value='24' gm='83.0' />
        <nutrient nutrient_id='269' nutrient='Sugars, total' unit='g' value='--' gm='--' />
        <nutrient nutrient_id='204' nutrient='Total lipid (fat)' unit='g' value='0.00' gm='0.0' />
        <nutrient nutrient_id='205' nutrient='Carbohydrate, by difference' unit='g' value='0.72' gm='2.45' />
      </nutrients>
    </food>
    <food ndbno='14097' name='Alcoholic Beverage, wine, table, red, Cabernet Sauvignon' weight='29.4' measure='1.0 fl oz'>
      <nutrients>
        <nutrient nutrient_id='208' nutrient='Energy' unit='kcal' value='24' gm='83.0' />
        <nutrient nutrient_id='269' nutrient='Sugars, total' unit='g' value='--' gm='--' />
        <nutrient nutrient_id='204' nutrient='Total lipid (fat)' unit='g' value='0.00' gm='0.0' />
        <nutrient nutrient_id='205' nutrient='Carbohydrate, by difference' unit='g' value='0.76' gm='2.6' />
      </nutrients>
    </food>
    <food ndbno='14109' name='Alcoholic Beverage, wine, table, red, Carignane' weight='29.4' measure='1.0 fl oz'>
      <nutrients>
        <nutrient nutrient_id='208' nutrient='Energy' unit='kcal' value='22' gm='74.0' />
        <nutrient nutrient_id='269' nutrient='Sugars, total' unit='g' value='--' gm='--' />
        <nutrient nutrient_id='204' nutrient='Total lipid (fat)' unit='g' value='0.00' gm='0.0' />
        <nutrient nutrient_id='205' nutrient='Carbohydrate, by difference' unit='g' value='0.71' gm='2.4' />
      </nutrients>
    </food>
    <food ndbno='14105' name='Alcoholic Beverage, wine, table, red, Claret' weight='29.4' measure='1.0 fl oz'>
      <nutrients>
        <nutrient nutrient_id='208' nutrient='Energy' unit='kcal' value='24' gm='83.0' />
        <nutrient nutrient_id='269' nutrient='Sugars, total' unit='g' value='--' gm='--' />
        <nutrient nutrient_id='204' nutrient='Total lipid (fat)' unit='g' value='0.00' gm='0.0' />
        <nutrient nutrient_id='205' nutrient='Carbohydrate, by difference' unit='g' value='0.88' gm='3.01' />
      </nutrients>
    </food>
    <food ndbno='14158' name='Alcoholic Beverage, wine, table, red, Gamay' weight='29.4' measure='1.0 fl oz'>
      <nutrients>
        <nutrient nutrient_id='208' nutrient='Energy' unit='kcal' value='23' gm='78.0' />
        <nutrient nutrient_id='269' nutrient='Sugars, total' unit='g' value='--' gm='--' />
        <nutrient nutrient_id='204' nutrient='Total lipid (fat)' unit='g' value='0.00' gm='0.0' />
        <nutrient nutrient_id='205' nutrient='Carbohydrate, by difference' unit='g' value='0.70' gm='2.38' />
      </nutrients>
    </food>
    <food ndbno='14107' name='Alcoholic Beverage, wine, table, red, Lemberger' weight='29.4' measure='1.0 fl oz'>
      <nutrients>
        <nutrient nutrient_id='208' nutrient='Energy' unit='kcal' value='24' gm='80.0' />
        <nutrient nutrient_id='269' nutrient='Sugars, total' unit='g' value='--' gm='--' />
        <nutrient nutrient_id='204' nutrient='Total lipid (fat)' unit='g' value='0.00' gm='0.0' />
        <nutrient nutrient_id='205' nutrient='Carbohydrate, by difference' unit='g' value='0.72' gm='2.46' />
      </nutrients>
    </food>
    <food ndbno='14602' name='Alcoholic Beverage, wine, table, red, Merlot' weight='29.4' measure='1.0 fl oz'>
      <nutrients>
        <nutrient nutrient_id='208' nutrient='Energy' unit='kcal' value='24' gm='83.0' />
        <nutrient nutrient_id='269' nutrient='Sugars, total' unit='g' value='0.18' gm='0.62' />
        <nutrient nutrient_id='204' nutrient='Total lipid (fat)' unit='g' value='0.00' gm='0.0' />
        <nutrient nutrient_id='205' nutrient='Carbohydrate, by difference' unit='g' value='0.74' gm='2.51' />
      </nutrients>
    </food>
    <food ndbno='14159' name='Alcoholic Beverage, wine, table, red, Mouvedre' weight='29.4' measure='1.0 fl oz'>
      <nutrients>
        <nutrient nutrient_id='208' nutrient='Energy' unit='kcal' value='26' gm='88.0' />
        <nutrient nutrient_id='269' nutrient='Sugars, total' unit='g' value='--' gm='--' />
        <nutrient nutrient_id='204' nutrient='Total lipid (fat)' unit='g' value='0.00' gm='0.0' />
        <nutrient nutrient_id='205' nutrient='Carbohydrate, by difference' unit='g' value='0.78' gm='2.64' />
      </nutrients>
    </food>
    <food ndbno='14103' name='Alcoholic Beverage, wine, table, red, Petite Sirah' weight='29.5' measure='1.0 fl oz'>
      <nutrients>
        <nutrient nutrient_id='208' nutrient='Energy' unit='kcal' value='25' gm='85.0' />
        <nutrient nutrient_id='269' nutrient='Sugars, total' unit='g' value='--' gm='--' />
        <nutrient nutrient_id='204' nutrient='Total lipid (fat)' unit='g' value='0.00' gm='0.0' />
        <nutrient nutrient_id='205' nutrient='Carbohydrate, by difference' unit='g' value='0.79' gm='2.68' />
      </nutrients>
    </food>
    <food ndbno='14099' name='Alcoholic Beverage, wine, table, red, Pinot Noir' weight='29.4' measure='1.0 fl oz'>
      <nutrients>
        <nutrient nutrient_id='208' nutrient='Energy' unit='kcal' value='24' gm='82.0' />
        <nutrient nutrient_id='269' nutrient='Sugars, total' unit='g' value='--' gm='--' />
        <nutrient nutrient_id='204' nutrient='Total lipid (fat)' unit='g' value='0.00' gm='0.0' />
        <nutrient nutrient_id='205' nutrient='Carbohydrate, by difference' unit='g' value='0.68' gm='2.31' />
      </nutrients>
    </food>
    <food ndbno='14108' name='Alcoholic Beverage, wine, table, red, Sangiovese' weight='29.4' measure='1.0 fl oz'>
      <nutrients>
        <nutrient nutrient_id='208' nutrient='Energy' unit='kcal' value='25' gm='86.0' />
        <nutrient nutrient_id='269' nutrient='Sugars, total' unit='g' value='--' gm='--' />
        <nutrient nutrient_id='204' nutrient='Total lipid (fat)' unit='g' value='0.00' gm='0.0' />
        <nutrient nutrient_id='205' nutrient='Carbohydrate, by difference' unit='g' value='0.77' gm='2.62' />
      </nutrients>
    </food>
    <food ndbno='14100' name='Alcoholic Beverage, wine, table, red, Syrah' weight='29.4' measure='1.0 fl oz'>
      <nutrients>
        <nutrient nutrient_id='208' nutrient='Energy' unit='kcal' value='24' gm='83.0' />
        <nutrient nutrient_id='269' nutrient='Sugars, total' unit='g' value='--' gm='--' />
        <nutrient nutrient_id='204' nutrient='Total lipid (fat)' unit='g' value='0.00' gm='0.0' />
        <nutrient nutrient_id='205' nutrient='Carbohydrate, by difference' unit='g' value='0.76' gm='2.58' />
      </nutrients>
    </food>
    <food ndbno='14102' name='Alcoholic Beverage, wine, table, red, Zinfandel' weight='29.4' measure='1.0 fl oz'>
      <nutrients>
        <nutrient nutrient_id='208' nutrient='Energy' unit='kcal' value='26' gm='88.0' />
        <nutrient nutrient_id='269' nutrient='Sugars, total' unit='g' value='--' gm='--' />
        <nutrient nutrient_id='204' nutrient='Total lipid (fat)' unit='g' value='0.00' gm='0.0' />
        <nutrient nutrient_id='205' nutrient='Carbohydrate, by difference' unit='g' value='0.84' gm='2.86' />
      </nutrients>
    </food>
    <food ndbno='14106' name='Alcoholic beverage, wine, table, white' weight='29.4' measure='1.0 fl oz'>
      <nutrients>
        <nutrient nutrient_id='208' nutrient='Energy' unit='kcal' value='24' gm='82.0' />
        <nutrient nutrient_id='269' nutrient='Sugars, total' unit='g' value='0.28' gm='0.96' />
        <nutrient nutrient_id='204' nutrient='Total lipid (fat)' unit='g' value='0.00' gm='0.0' />
        <nutrient nutrient_id='205' nutrient='Carbohydrate, by difference' unit='g' value='0.76' gm='2.6' />
      </nutrients>
    </food>
    <food ndbno='14160' name='Alcoholic beverage, wine, table, white, Chardonnay' weight='29.3' measure='1.0 fl oz'>
      <nutrients>
        <nutrient nutrient_id='208' nutrient='Energy' unit='kcal' value='25' gm='84.0' />
        <nutrient nutrient_id='269' nutrient='Sugars, total' unit='g' value='0.28' gm='0.96' />
        <nutrient nutrient_id='204' nutrient='Total lipid (fat)' unit='g' value='0.00' gm='0.0' />
        <nutrient nutrient_id='205' nutrient='Carbohydrate, by difference' unit='g' value='0.63' gm='2.16' />
      </nutrients>
    </food>
    <food ndbno='14116' name='Alcoholic beverage, wine, table, white, Chenin Blanc' weight='29.5' measure='1.0 fl oz'>
      <nutrients>
        <nutrient nutrient_id='208' nutrient='Energy' unit='kcal' value='24' gm='80.0' />
        <nutrient nutrient_id='269' nutrient='Sugars, total' unit='g' value='--' gm='--' />
        <nutrient nutrient_id='204' nutrient='Total lipid (fat)' unit='g' value='0.00' gm='0.0' />
        <nutrient nutrient_id='205' nutrient='Carbohydrate, by difference' unit='g' value='0.98' gm='3.31' />
      </nutrients>
    </food>
    <food ndbno='14117' name='Alcoholic beverage, wine, table, white, Fume Blanc' weight='29.3' measure='1.0 fl oz'>
      <nutrients>
        <nutrient nutrient_id='208' nutrient='Energy' unit='kcal' value='24' gm='82.0' />
        <nutrient nutrient_id='269' nutrient='Sugars, total' unit='g' value='--' gm='--' />
        <nutrient nutrient_id='204' nutrient='Total lipid (fat)' unit='g' value='0.00' gm='0.0' />
        <nutrient nutrient_id='205' nutrient='Carbohydrate, by difference' unit='g' value='0.67' gm='2.27' />
      </nutrients>
    </food>
    <food ndbno='14124' name='Alcoholic beverage, wine, table, white, Gewurztraminer' weight='29.5' measure='1.0 fl oz'>
      <nutrients>
        <nutrient nutrient_id='208' nutrient='Energy' unit='kcal' value='24' gm='81.0' />
        <nutrient nutrient_id='269' nutrient='Sugars, total' unit='g' value='--' gm='--' />
        <nutrient nutrient_id='204' nutrient='Total lipid (fat)' unit='g' value='0.00' gm='0.0' />
        <nutrient nutrient_id='205' nutrient='Carbohydrate, by difference' unit='g' value='0.77' gm='2.6' />
      </nutrients>
    </food>
    <food ndbno='14135' name='Alcoholic beverage, wine, table, white, late harvest' weight='30.8' measure='1.0 fl oz'>
      <nutrients>
        <nutrient nutrient_id='208' nutrient='Energy' unit='kcal' value='34' gm='112.0' />
        <nutrient nutrient_id='269' nutrient='Sugars, total' unit='g' value='--' gm='--' />
        <nutrient nutrient_id='204' nutrient='Total lipid (fat)' unit='g' value='0.00' gm='0.0' />
        <nutrient nutrient_id='205' nutrient='Carbohydrate, by difference' unit='g' value='4.12' gm='13.39' />
      </nutrients>
    </food>
    <food ndbno='14125' name='Alcoholic beverage, wine, table, white, late harvest, Gewurztraminer' weight='30.5' measure='1.0 fl oz'>
      <nutrients>
        <nutrient nutrient_id='208' nutrient='Energy' unit='kcal' value='33' gm='108.0' />
        <nutrient nutrient_id='269' nutrient='Sugars, total' unit='g' value='--' gm='--' />
        <nutrient nutrient_id='204' nutrient='Total lipid (fat)' unit='g' value='0.00' gm='0.0' />
        <nutrient nutrient_id='205' nutrient='Carbohydrate, by difference' unit='g' value='3.47' gm='11.39' />
      </nutrients>
    </food>
    <food ndbno='14120' name='Alcoholic beverage, wine, table, white, Muller Thurgau' weight='29.5' measure='1.0 fl oz'>
      <nutrients>
        <nutrient nutrient_id='208' nutrient='Energy' unit='kcal' value='22' gm='76.0' />
        <nutrient nutrient_id='269' nutrient='Sugars, total' unit='g' value='--' gm='--' />
        <nutrient nutrient_id='204' nutrient='Total lipid (fat)' unit='g' value='0.00' gm='0.0' />
        <nutrient nutrient_id='205' nutrient='Carbohydrate, by difference' unit='g' value='1.03' gm='3.48' />
      </nutrients>
    </food>
    <food ndbno='14140' name='Alcoholic beverage, wine, table, white, Muscat' weight='30.0' measure='1.0 fl oz'>
      <nutrients>
        <nutrient nutrient_id='208' nutrient='Energy' unit='kcal' value='25' gm='82.0' />
        <nutrient nutrient_id='269' nutrient='Sugars, total' unit='g' value='--' gm='--' />
        <nutrient nutrient_id='204' nutrient='Total lipid (fat)' unit='g' value='0.00' gm='0.0' />
        <nutrient nutrient_id='205' nutrient='Carbohydrate, by difference' unit='g' value='1.57' gm='5.23' />
      </nutrients>
    </food>
    <food ndbno='14138' name='Alcoholic beverage, wine, table, white, Pinot Blanc' weight='29.3' measure='1.0 fl oz'>
      <nutrients>
        <nutrient nutrient_id='208' nutrient='Energy' unit='kcal' value='24' gm='81.0' />
        <nutrient nutrient_id='269' nutrient='Sugars, total' unit='g' value='--' gm='--' />
        <nutrient nutrient_id='204' nutrient='Total lipid (fat)' unit='g' value='0.00' gm='0.0' />
        <nutrient nutrient_id='205' nutrient='Carbohydrate, by difference' unit='g' value='0.57' gm='1.94' />
      </nutrients>
    </food>
    <food ndbno='14113' name='Alcoholic beverage, wine, table, white, Pinot Gris (Grigio)' weight='29.3' measure='1.0 fl oz'>
      <nutrients>
        <nutrient nutrient_id='208' nutrient='Energy' unit='kcal' value='24' gm='83.0' />
        <nutrient nutrient_id='269' nutrient='Sugars, total' unit='g' value='--' gm='--' />
        <nutrient nutrient_id='204' nutrient='Total lipid (fat)' unit='g' value='0.00' gm='0.0' />
        <nutrient nutrient_id='205' nutrient='Carbohydrate, by difference' unit='g' value='0.60' gm='2.06' />
      </nutrients>
    </food>
    <food ndbno='14132' name='Alcoholic beverage, wine, table, white, Riesling' weight='29.6' measure='1.0 fl oz'>
      <nutrients>
        <nutrient nutrient_id='208' nutrient='Energy' unit='kcal' value='24' gm='80.0' />
        <nutrient nutrient_id='269' nutrient='Sugars, total' unit='g' value='--' gm='--' />
        <nutrient nutrient_id='204' nutrient='Total lipid (fat)' unit='g' value='0.00' gm='0.0' />
        <nutrient nutrient_id='205' nutrient='Carbohydrate, by difference' unit='g' value='1.11' gm='3.74' />
      </nutrients>
    </food>
    <food ndbno='14134' name='Alcoholic beverage, wine, table, white, Sauvignon Blanc' weight='29.3' measure='1.0 fl oz'>
      <nutrients>
        <nutrient nutrient_id='208' nutrient='Energy' unit='kcal' value='24' gm='81.0' />
        <nutrient nutrient_id='269' nutrient='Sugars, total' unit='g' value='--' gm='--' />
        <nutrient nutrient_id='204' nutrient='Total lipid (fat)' unit='g' value='0.00' gm='0.0' />
        <nutrient nutrient_id='205' nutrient='Carbohydrate, by difference' unit='g' value='0.60' gm='2.05' />
      </nutrients>
    </food>
    <food ndbno='14126' name='Alcoholic beverage, wine, table, white, Semillon' weight='29.5' measure='1.0 fl oz'>
      <nutrients>
        <nutrient nutrient_id='208' nutrient='Energy' unit='kcal' value='24' gm='82.0' />
        <nutrient nutrient_id='269' nutrient='Sugars, total' unit='g' value='--' gm='--' />
        <nutrient nutrient_id='204' nutrient='Total lipid (fat)' unit='g' value='0.00' gm='0.0' />
        <nutrient nutrient_id='205' nutrient='Carbohydrate, by difference' unit='g' value='0.92' gm='3.12' />
      </nutrients>
    </food>
    <food ndbno='14251' name='Alcoholic beverages, beer, higher alcohol' weight='30.6' measure='1.0 fl oz'>
      <nutrients>
        <nutrient nutrient_id='208' nutrient='Energy' unit='kcal' value='18' gm='58.0' />
        <nutrient nutrient_id='269' nutrient='Sugars, total' unit='g' value='--' gm='--' />
        <nutrient nutrient_id='204' nutrient='Total lipid (fat)' unit='g' value='0.00' gm='0.0' />
        <nutrient nutrient_id='205' nutrient='Carbohydrate, by difference' unit='g' value='0.08' gm='0.27' />
      </nutrients>
    </food>
    <food ndbno='14253' name='Alcoholic beverages, wine, rose' weight='30.3' measure='1.0 fl oz'>
      <nutrients>
        <nutrient nutrient_id='208' nutrient='Energy' unit='kcal' value='25' gm='83.0' />
        <nutrient nutrient_id='269' nutrient='Sugars, total' unit='g' value='--' gm='--' />
        <nutrient nutrient_id='204' nutrient='Total lipid (fat)' unit='g' value='0.00' gm='0.0' />
        <nutrient nutrient_id='205' nutrient='Carbohydrate, by difference' unit='g' value='1.15' gm='3.8' />
      </nutrients>
    </food>
    <food ndbno='11001' name='Alfalfa seeds, sprouted, raw' weight='33.0' measure='1.0 cup'>
      <nutrients>
        <nutrient nutrient_id='208' nutrient='Energy' unit='kcal' value='8' gm='23.0' />
        <nutrient nutrient_id='269' nutrient='Sugars, total' unit='g' value='0.07' gm='0.2' />
        <nutrient nutrient_id='204' nutrient='Total lipid (fat)' unit='g' value='0.23' gm='0.69' />
        <nutrient nutrient_id='205' nutrient='Carbohydrate, by difference' unit='g' value='0.69' gm='2.1' />
      </nutrients>
    </food>
    <food ndbno='20002' name='Amaranth grain, cooked' weight='246.0' measure='1.0 cup'>
      <nutrients>
        <nutrient nutrient_id='208' nutrient='Energy' unit='kcal' value='251' gm='102.0' />
        <nutrient nutrient_id='269' nutrient='Sugars, total' unit='g' value='--' gm='--' />
        <nutrient nutrient_id='204' nutrient='Total lipid (fat)' unit='g' value='3.89' gm='1.58' />
        <nutrient nutrient_id='205' nutrient='Carbohydrate, by difference' unit='g' value='45.98' gm='18.69' />
      </nutrients>
    </food>
    <food ndbno='20001' name='Amaranth grain, uncooked' weight='193.0' measure='1.0 cup'>
      <nutrients>
        <nutrient nutrient_id='208' nutrient='Energy' unit='kcal' value='716' gm='371.0' />
        <nutrient nutrient_id='269' nutrient='Sugars, total' unit='g' value='3.26' gm='1.69' />
        <nutrient nutrient_id='204' nutrient='Total lipid (fat)' unit='g' value='13.55' gm='7.02' />
        <nutrient nutrient_id='205' nutrient='Carbohydrate, by difference' unit='g' value='125.93' gm='65.25' />
      </nutrients>
    </food>
    <food ndbno='11700' name='Amaranth leaves, cooked, boiled, drained, with salt' weight='132.0' measure='1.0 cup'>
      <nutrients>
        <nutrient nutrient_id='208' nutrient='Energy' unit='kcal' value='28' gm='21.0' />
        <nutrient nutrient_id='269' nutrient='Sugars, total' unit='g' value='--' gm='--' />
        <nutrient nutrient_id='204' nutrient='Total lipid (fat)' unit='g' value='0.24' gm='0.18' />
        <nutrient nutrient_id='205' nutrient='Carbohydrate, by difference' unit='g' value='5.43' gm='4.11' />
      </nutrients>
    </food>
    <food ndbno='11004' name='Amaranth leaves, cooked, boiled, drained, without salt' weight='132.0' measure='1.0 cup'>
      <nutrients>
        <nutrient nutrient_id='208' nutrient='Energy' unit='kcal' value='28' gm='21.0' />
        <nutrient nutrient_id='269' nutrient='Sugars, total' unit='g' value='--' gm='--' />
        <nutrient nutrient_id='204' nutrient='Total lipid (fat)' unit='g' value='0.24' gm='0.18' />
        <nutrient nutrient_id='205' nutrient='Carbohydrate, by difference' unit='g' value='5.43' gm='4.11' />
      </nutrients>
    </food>
    <food ndbno='11003' name='Amaranth leaves, raw' weight='28.0' measure='1.0 cup'>
      <nutrients>
        <nutrient nutrient_id='208' nutrient='Energy' unit='kcal' value='6' gm='23.0' />
        <nutrient nutrient_id='269' nutrient='Sugars, total' unit='g' value='--' gm='--' />
        <nutrient nutrient_id='204' nutrient='Total lipid (fat)' unit='g' value='0.09' gm='0.33' />
        <nutrient nutrient_id='205' nutrient='Carbohydrate, by difference' unit='g' value='1.13' gm='4.02' />
      </nutrients>
    </food>
    <food ndbno='28354' name='ANDREA&apos;S, Gluten Free Soft Dinner Roll' weight='69.0' measure='1.0 roll'>
      <nutrients>
        <nutrient nutrient_id='208' nutrient='Energy' unit='kcal' value='177' gm='257.0' />
        <nutrient nutrient_id='269' nutrient='Sugars, total' unit='g' value='2.06' gm='2.98' />
        <nutrient nutrient_id='204' nutrient='Total lipid (fat)' unit='g' value='5.66' gm='8.2' />
        <nutrient nutrient_id='205' nutrient='Carbohydrate, by difference' unit='g' value='27.77' gm='40.24' />
      </nutrients>
    </food>
    <food ndbno='04609' name='Animal fat, bacon grease' weight='4.3' measure='1.0 tsp'>
      <nutrients>
        <nutrient nutrient_id='208' nutrient='Energy' unit='kcal' value='39' gm='897.0' />
        <nutrient nutrient_id='269' nutrient='Sugars, total' unit='g' value='--' gm='--' />
        <nutrient nutrient_id='204' nutrient='Total lipid (fat)' unit='g' value='4.28' gm='99.5' />
        <nutrient nutrient_id='205' nutrient='Carbohydrate, by difference' unit='g' value='0.00' gm='0.0' />
      </nutrients>
    </food>
    <food ndbno='09400' name='Apple juice, canned or bottled, unsweetened, with added ascorbic acid' weight='248.0' measure='1.0 cup'>
      <nutrients>
        <nutrient nutrient_id='208' nutrient='Energy' unit='kcal' value='114' gm='46.0' />
        <nutrient nutrient_id='269' nutrient='Sugars, total' unit='g' value='23.86' gm='9.62' />
        <nutrient nutrient_id='204' nutrient='Total lipid (fat)' unit='g' value='0.32' gm='0.13' />
        <nutrient nutrient_id='205' nutrient='Carbohydrate, by difference' unit='g' value='28.02' gm='11.3' />
      </nutrients>
    </food>
    <food ndbno='09517' name='Apple juice, canned or bottled, unsweetened, with added ascorbic acid, calcium, and potassium' weight='177.0' measure='6.0 fl oz'>
      <nutrients>
        <nutrient nutrient_id='208' nutrient='Energy' unit='kcal' value='85' gm='48.0' />
        <nutrient nutrient_id='269' nutrient='Sugars, total' unit='g' value='16.76' gm='9.47' />
        <nutrient nutrient_id='204' nutrient='Total lipid (fat)' unit='g' value='0.30' gm='0.17' />
        <nutrient nutrient_id='205' nutrient='Carbohydrate, by difference' unit='g' value='20.34' gm='11.49' />
      </nutrients>
    </food>
    <food ndbno='09016' name='Apple juice, canned or bottled, unsweetened, without added ascorbic acid' weight='248.0' measure='1.0 cup'>
      <nutrients>
        <nutrient nutrient_id='208' nutrient='Energy' unit='kcal' value='114' gm='46.0' />
        <nutrient nutrient_id='269' nutrient='Sugars, total' unit='g' value='23.86' gm='9.62' />
        <nutrient nutrient_id='204' nutrient='Total lipid (fat)' unit='g' value='0.32' gm='0.13' />
        <nutrient nutrient_id='205' nutrient='Carbohydrate, by difference' unit='g' value='28.02' gm='11.3' />
      </nutrients>
    </food>
    <food ndbno='09018' name='Apple juice, frozen concentrate, unsweetened, diluted with 3 volume water without added ascorbic acid' weight='239.0' measure='1.0 cup'>
      <nutrients>
        <nutrient nutrient_id='208' nutrient='Energy' unit='kcal' value='112' gm='47.0' />
        <nutrient nutrient_id='269' nutrient='Sugars, total' unit='g' value='26.12' gm='10.93' />
        <nutrient nutrient_id='204' nutrient='Total lipid (fat)' unit='g' value='0.24' gm='0.1' />
        <nutrient nutrient_id='205' nutrient='Carbohydrate, by difference' unit='g' value='27.58' gm='11.54' />
      </nutrients>
    </food>
    <food ndbno='09411' name='Apple juice, frozen concentrate, unsweetened, diluted with 3 volume water, with added ascorbic acid' weight='239.0' measure='1.0 cup'>
      <nutrients>
        <nutrient nutrient_id='208' nutrient='Energy' unit='kcal' value='112' gm='47.0' />
        <nutrient nutrient_id='269' nutrient='Sugars, total' unit='g' value='--' gm='--' />
        <nutrient nutrient_id='204' nutrient='Total lipid (fat)' unit='g' value='0.24' gm='0.1' />
        <nutrient nutrient_id='205' nutrient='Carbohydrate, by difference' unit='g' value='27.58' gm='11.54' />
      </nutrients>
    </food>
    <food ndbno='09410' name='Apple juice, frozen concentrate, unsweetened, undiluted, with added ascorbic acid' weight='211.0' measure='1.0 can (6 fl oz)'>
      <nutrients>
        <nutrient nutrient_id='208' nutrient='Energy' unit='kcal' value='350' gm='166.0' />
        <nutrient nutrient_id='269' nutrient='Sugars, total' unit='g' value='81.93' gm='38.83' />
        <nutrient nutrient_id='204' nutrient='Total lipid (fat)' unit='g' value='0.78' gm='0.37' />
        <nutrient nutrient_id='205' nutrient='Carbohydrate, by difference' unit='g' value='86.51' gm='41.0' />
      </nutrients>
    </food>
    <food ndbno='09017' name='Apple juice, frozen concentrate, unsweetened, undiluted, without added ascorbic acid' weight='211.0' measure='1.0 can (6 fl oz)'>
      <nutrients>
        <nutrient nutrient_id='208' nutrient='Energy' unit='kcal' value='350' gm='166.0' />
        <nutrient nutrient_id='269' nutrient='Sugars, total' unit='g' value='81.93' gm='38.83' />
        <nutrient nutrient_id='204' nutrient='Total lipid (fat)' unit='g' value='0.78' gm='0.37' />
        <nutrient nutrient_id='205' nutrient='Carbohydrate, by difference' unit='g' value='86.51' gm='41.0' />
      </nutrients>
    </food>
    <food ndbno='36000' name='APPLEBEE&apos;S, 9 oz house sirloin steak' weight='157.0' measure='1.0 serving'>
      <nutrients>
        <nutrient nutrient_id='208' nutrient='Energy' unit='kcal' value='297' gm='189.0' />
        <nutrient nutrient_id='269' nutrient='Sugars, total' unit='g' value='--' gm='--' />
        <nutrient nutrient_id='204' nutrient='Total lipid (fat)' unit='g' value='14.26' gm='9.08' />
        <nutrient nutrient_id='205' nutrient='Carbohydrate, by difference' unit='g' value='0.00' gm='0.0' />
      </nutrients>
    </food>
    <food ndbno='36023' name='APPLEBEE&apos;S, chicken tenders platter' weight='209.0' measure='1.0 serving'>
      <nutrients>
        <nutrient nutrient_id='208' nutrient='Energy' unit='kcal' value='621' gm='297.0' />
        <nutrient nutrient_id='269' nutrient='Sugars, total' unit='g' value='0.75' gm='0.36' />
        <nutrient nutrient_id='204' nutrient='Total lipid (fat)' unit='g' value='33.94' gm='16.24' />
        <nutrient nutrient_id='205' nutrient='Carbohydrate, by difference' unit='g' value='37.58' gm='17.98' />
      </nutrients>
    </food>
    <food ndbno='36005' name='APPLEBEE&apos;S, chicken tenders, from kids&apos; menu' weight='35.0' measure='1.0 piece'>
      <nutrients>
        <nutrient nutrient_id='208' nutrient='Energy' unit='kcal' value='104' gm='296.0' />
        <nutrient nutrient_id='269' nutrient='Sugars, total' unit='g' value='0.14' gm='0.39' />
        <nutrient nutrient_id='204' nutrient='Total lipid (fat)' unit='g' value='5.65' gm='16.15' />
        <nutrient nutrient_id='205' nutrient='Carbohydrate, by difference' unit='g' value='6.43' gm='18.36' />
      </nutrients>
    </food>
    <food ndbno='36019' name='APPLEBEE&apos;S, chili' weight='136.0' measure='1.0 cup'>
      <nutrients>
        <nutrient nutrient_id='208' nutrient='Energy' unit='kcal' value='214' gm='157.0' />
        <nutrient nutrient_id='269' nutrient='Sugars, total' unit='g' value='3.09' gm='2.27' />
        <nutrient nutrient_id='204' nutrient='Total lipid (fat)' unit='g' value='13.31' gm='9.79' />
        <nutrient nutrient_id='205' nutrient='Carbohydrate, by difference' unit='g' value='6.22' gm='4.57' />
      </nutrients>
    </food>
    <food ndbno='36021' name='APPLEBEE&apos;S, coleslaw' weight='76.0' measure='1.0 serving'>
      <nutrients>
        <nutrient nutrient_id='208' nutrient='Energy' unit='kcal' value='91' gm='120.0' />
        <nutrient nutrient_id='269' nutrient='Sugars, total' unit='g' value='7.09' gm='9.33' />
        <nutrient nutrient_id='204' nutrient='Total lipid (fat)' unit='g' value='5.39' gm='7.09' />
        <nutrient nutrient_id='205' nutrient='Carbohydrate, by difference' unit='g' value='10.01' gm='13.17' />
      </nutrients>
    </food>
    <food ndbno='36022' name='APPLEBEE&apos;S, crunchy onion rings' weight='350.0' measure='1.0 serving'>
      <nutrients>
        <nutrient nutrient_id='208' nutrient='Energy' unit='kcal' value='1246' gm='356.0' />
        <nutrient nutrient_id='269' nutrient='Sugars, total' unit='g' value='15.68' gm='4.48' />
        <nutrient nutrient_id='204' nutrient='Total lipid (fat)' unit='g' value='68.64' gm='19.61' />
        <nutrient nutrient_id='205' nutrient='Carbohydrate, by difference' unit='g' value='140.59' gm='40.17' />
      </nutrients>
    </food>
    <food ndbno='36001' name='APPLEBEE&apos;S, Double Crunch Shrimp' weight='206.0' measure='1.0 serving'>
      <nutrients>
        <nutrient nutrient_id='208' nutrient='Energy' unit='kcal' value='665' gm='323.0' />
        <nutrient nutrient_id='269' nutrient='Sugars, total' unit='g' value='2.20' gm='1.07' />
        <nutrient nutrient_id='204' nutrient='Total lipid (fat)' unit='g' value='38.93' gm='18.9' />
        <nutrient nutrient_id='205' nutrient='Carbohydrate, by difference' unit='g' value='53.48' gm='25.96' />
      </nutrients>
    </food>
    <food ndbno='36018' name='APPLEBEE&apos;S, fish, hand battered' weight='250.0' measure='1.0 serving'>
      <nutrients>
        <nutrient nutrient_id='208' nutrient='Energy' unit='kcal' value='505' gm='202.0' />
        <nutrient nutrient_id='269' nutrient='Sugars, total' unit='g' value='1.27' gm='0.51' />
        <nutrient nutrient_id='204' nutrient='Total lipid (fat)' unit='g' value='22.85' gm='9.14' />
        <nutrient nutrient_id='205' nutrient='Carbohydrate, by difference' unit='g' value='41.62' gm='16.65' />
      </nutrients>
    </food>
    <food ndbno='36002' name='APPLEBEE&apos;S, french fries' weight='164.0' measure='1.0 serving'>
      <nutrients>
        <nutrient nutrient_id='208' nutrient='Energy' unit='kcal' value='476' gm='290.0' />
        <nutrient nutrient_id='269' nutrient='Sugars, total' unit='g' value='0.00' gm='0.0' />
        <nutrient nutrient_id='204' nutrient='Total lipid (fat)' unit='g' value='21.60' gm='13.17' />
        <nutrient nutrient_id='205' nutrient='Carbohydrate, by difference' unit='g' value='64.78' gm='39.5' />
      </nutrients>
    </food>
    <food ndbno='36003' name='APPLEBEE&apos;S, KRAFT, Macaroni &amp;amp; Cheese, from kid&apos;s menu' weight='124.0' measure='1.0 cup'>
      <nutrients>
        <nutrient nutrient_id='208' nutrient='Energy' unit='kcal' value='177' gm='143.0' />
        <nutrient nutrient_id='269' nutrient='Sugars, total' unit='g' value='4.59' gm='3.7' />
        <nutrient nutrient_id='204' nutrient='Total lipid (fat)' unit='g' value='5.38' gm='4.34' />
        <nutrient nutrient_id='205' nutrient='Carbohydrate, by difference' unit='g' value='26.14' gm='21.08' />
      </nutrients>
    </food>
    <food ndbno='36004' name='APPLEBEE&apos;S, mozzarella sticks' weight='32.0' measure='1.0 piece'>
      <nutrients>
        <nutrient nutrient_id='208' nutrient='Energy' unit='kcal' value='101' gm='316.0' />
        <nutrient nutrient_id='269' nutrient='Sugars, total' unit='g' value='0.90' gm='2.8' />
        <nutrient nutrient_id='204' nutrient='Total lipid (fat)' unit='g' value='5.88' gm='18.37' />
        <nutrient nutrient_id='205' nutrient='Carbohydrate, by difference' unit='g' value='7.32' gm='22.87' />
      </nutrients>
    </food>
    <food ndbno='09008' name='Apples, canned, sweetened, sliced, drained, heated' weight='204.0' measure='1.0 cup slices'>
      <nutrients>
        <nutrient nutrient_id='208' nutrient='Energy' unit='kcal' value='137' gm='67.0' />
        <nutrient nutrient_id='269' nutrient='Sugars, total' unit='g' value='30.27' gm='14.84' />
        <nutrient nutrient_id='204' nutrient='Total lipid (fat)' unit='g' value='0.88' gm='0.43' />
        <nutrient nutrient_id='205' nutrient='Carbohydrate, by difference' unit='g' value='34.35' gm='16.84' />
      </nutrients>
    </food>
    <food ndbno='09007' name='Apples, canned, sweetened, sliced, drained, unheated' weight='204.0' measure='1.0 cup slices'>
      <nutrients>
        <nutrient nutrient_id='208' nutrient='Energy' unit='kcal' value='137' gm='67.0' />
        <nutrient nutrient_id='269' nutrient='Sugars, total' unit='g' value='30.60' gm='15.0' />
        <nutrient nutrient_id='204' nutrient='Total lipid (fat)' unit='g' value='1.00' gm='0.49' />
        <nutrient nutrient_id='205' nutrient='Carbohydrate, by difference' unit='g' value='34.07' gm='16.7' />
      </nutrients>
    </food>
    <food ndbno='09010' name='Apples, dehydrated (low moisture), sulfured, stewed' weight='193.0' measure='1.0 cup'>
      <nutrients>
        <nutrient nutrient_id='208' nutrient='Energy' unit='kcal' value='143' gm='74.0' />
        <nutrient nutrient_id='269' nutrient='Sugars, total' unit='g' value='--' gm='--' />
        <nutrient nutrient_id='204' nutrient='Total lipid (fat)' unit='g' value='0.23' gm='0.12' />
        <nutrient nutrient_id='205' nutrient='Carbohydrate, by difference' unit='g' value='38.43' gm='19.91' />
      </nutrients>
    </food>
    <food ndbno='09009' name='Apples, dehydrated (low moisture), sulfured, uncooked' weight='60.0' measure='1.0 cup'>
      <nutrients>
        <nutrient nutrient_id='208' nutrient='Energy' unit='kcal' value='208' gm='346.0' />
        <nutrient nutrient_id='269' nutrient='Sugars, total' unit='g' value='48.68' gm='81.13' />
        <nutrient nutrient_id='204' nutrient='Total lipid (fat)' unit='g' value='0.35' gm='0.58' />
        <nutrient nutrient_id='205' nutrient='Carbohydrate, by difference' unit='g' value='56.12' gm='93.53' />
      </nutrients>
    </food>
    <food ndbno='09013' name='Apples, dried, sulfured, stewed, with added sugar' weight='280.0' measure='1.0 cup'>
      <nutrients>
        <nutrient nutrient_id='208' nutrient='Energy' unit='kcal' value='232' gm='83.0' />
        <nutrient nutrient_id='269' nutrient='Sugars, total' unit='g' value='--' gm='--' />
        <nutrient nutrient_id='204' nutrient='Total lipid (fat)' unit='g' value='0.20' gm='0.07' />
        <nutrient nutrient_id='205' nutrient='Carbohydrate, by difference' unit='g' value='58.04' gm='20.73' />
      </nutrients>
    </food>
    <food ndbno='09012' name='Apples, dried, sulfured, stewed, without added sugar' weight='255.0' measure='1.0 cup'>
      <nutrients>
        <nutrient nutrient_id='208' nutrient='Energy' unit='kcal' value='145' gm='57.0' />
        <nutrient nutrient_id='269' nutrient='Sugars, total' unit='g' value='33.97' gm='13.32' />
        <nutrient nutrient_id='204' nutrient='Total lipid (fat)' unit='g' value='0.18' gm='0.07' />
        <nutrient nutrient_id='205' nutrient='Carbohydrate, by difference' unit='g' value='39.07' gm='15.32' />
      </nutrients>
    </food>
    <food ndbno='09011' name='Apples, dried, sulfured, uncooked' weight='86.0' measure='1.0 cup'>
      <nutrients>
        <nutrient nutrient_id='208' nutrient='Energy' unit='kcal' value='209' gm='243.0' />
        <nutrient nutrient_id='269' nutrient='Sugars, total' unit='g' value='49.18' gm='57.19' />
        <nutrient nutrient_id='204' nutrient='Total lipid (fat)' unit='g' value='0.28' gm='0.32' />
        <nutrient nutrient_id='205' nutrient='Carbohydrate, by difference' unit='g' value='56.67' gm='65.89' />
      </nutrients>
    </food>
    <food ndbno='09015' name='Apples, frozen, unsweetened, heated' weight='206.0' measure='1.0 cup slices'>
      <nutrients>
        <nutrient nutrient_id='208' nutrient='Energy' unit='kcal' value='97' gm='47.0' />
        <nutrient nutrient_id='269' nutrient='Sugars, total' unit='g' value='--' gm='--' />
        <nutrient nutrient_id='204' nutrient='Total lipid (fat)' unit='g' value='0.68' gm='0.33' />
        <nutrient nutrient_id='205' nutrient='Carbohydrate, by difference' unit='g' value='24.72' gm='12.0' />
      </nutrients>
    </food>
    <food ndbno='09014' name='Apples, frozen, unsweetened, unheated' weight='173.0' measure='1.0 cup slices'>
      <nutrients>
        <nutrient nutrient_id='208' nutrient='Energy' unit='kcal' value='83' gm='48.0' />
        <nutrient nutrient_id='269' nutrient='Sugars, total' unit='g' value='17.47' gm='10.1' />
        <nutrient nutrient_id='204' nutrient='Total lipid (fat)' unit='g' value='0.55' gm='0.32' />
        <nutrient nutrient_id='205' nutrient='Carbohydrate, by difference' unit='g' value='21.30' gm='12.31' />
      </nutrients>
    </food>
    <food ndbno='09504' name='Apples, raw, fuji, with skin' weight='109.0' measure='1.0 cup, sliced'>
      <nutrients>
        <nutrient nutrient_id='208' nutrient='Energy' unit='kcal' value='69' gm='63.0' />
        <nutrient nutrient_id='269' nutrient='Sugars, total' unit='g' value='12.73' gm='11.68' />
        <nutrient nutrient_id='204' nutrient='Total lipid (fat)' unit='g' value='0.20' gm='0.18' />
        <nutrient nutrient_id='205' nutrient='Carbohydrate, by difference' unit='g' value='16.59' gm='15.22' />
      </nutrients>
    </food>
    <food ndbno='09503' name='Apples, raw, gala, with skin' weight='109.0' measure='1.0 cup, sliced'>
      <nutrients>
        <nutrient nutrient_id='208' nutrient='Energy' unit='kcal' value='62' gm='57.0' />
        <nutrient nutrient_id='269' nutrient='Sugars, total' unit='g' value='11.30' gm='10.37' />
        <nutrient nutrient_id='204' nutrient='Total lipid (fat)' unit='g' value='0.13' gm='0.12' />
        <nutrient nutrient_id='205' nutrient='Carbohydrate, by difference' unit='g' value='14.91' gm='13.68' />
      </nutrients>
    </food>
    <food ndbno='09501' name='Apples, raw, golden delicious, with skin' weight='109.0' measure='1.0 cup, sliced'>
      <nutrients>
        <nutrient nutrient_id='208' nutrient='Energy' unit='kcal' value='62' gm='57.0' />
        <nutrient nutrient_id='269' nutrient='Sugars, total' unit='g' value='10.94' gm='10.04' />
        <nutrient nutrient_id='204' nutrient='Total lipid (fat)' unit='g' value='0.16' gm='0.15' />
        <nutrient nutrient_id='205' nutrient='Carbohydrate, by difference' unit='g' value='14.82' gm='13.6' />
      </nutrients>
    </food>
    <food ndbno='09502' name='Apples, raw, granny smith, with skin' weight='109.0' measure='1.0 cup, sliced'>
      <nutrients>
        <nutrient nutrient_id='208' nutrient='Energy' unit='kcal' value='63' gm='58.0' />
        <nutrient nutrient_id='269' nutrient='Sugars, total' unit='g' value='10.45' gm='9.59' />
        <nutrient nutrient_id='204' nutrient='Total lipid (fat)' unit='g' value='0.21' gm='0.19' />
        <nutrient nutrient_id='205' nutrient='Carbohydrate, by difference' unit='g' value='14.83' gm='13.61' />
      </nutrients>
    </food>
    <food ndbno='09500' name='Apples, raw, red delicious, with skin' weight='109.0' measure='1.0 cup, sliced'>
      <nutrients>
        <nutrient nutrient_id='208' nutrient='Energy' unit='kcal' value='64' gm='59.0' />
        <nutrient nutrient_id='269' nutrient='Sugars, total' unit='g' value='11.42' gm='10.48' />
        <nutrient nutrient_id='204' nutrient='Total lipid (fat)' unit='g' value='0.22' gm='0.2' />
        <nutrient nutrient_id='205' nutrient='Carbohydrate, by difference' unit='g' value='15.33' gm='14.06' />
      </nutrients>
    </food>
    <food ndbno='09003' name='Apples, raw, with skin' weight='125.0' measure='1.0 cup, quartered or chopped'>
      <nutrients>
        <nutrient nutrient_id='208' nutrient='Energy' unit='kcal' value='65' gm='52.0' />
        <nutrient nutrient_id='269' nutrient='Sugars, total' unit='g' value='12.99' gm='10.39' />
        <nutrient nutrient_id='204' nutrient='Total lipid (fat)' unit='g' value='0.21' gm='0.17' />
        <nutrient nutrient_id='205' nutrient='Carbohydrate, by difference' unit='g' value='17.26' gm='13.81' />
      </nutrients>
    </food>
    <food ndbno='09004' name='Apples, raw, without skin' weight='110.0' measure='1.0 cup slices'>
      <nutrients>
        <nutrient nutrient_id='208' nutrient='Energy' unit='kcal' value='53' gm='48.0' />
        <nutrient nutrient_id='269' nutrient='Sugars, total' unit='g' value='11.11' gm='10.1' />
        <nutrient nutrient_id='204' nutrient='Total lipid (fat)' unit='g' value='0.14' gm='0.13' />
        <nutrient nutrient_id='205' nutrient='Carbohydrate, by difference' unit='g' value='14.04' gm='12.76' />
      </nutrients>
    </food>
    <food ndbno='09005' name='Apples, raw, without skin, cooked, boiled' weight='171.0' measure='1.0 cup slices'>
      <nutrients>
        <nutrient nutrient_id='208' nutrient='Energy' unit='kcal' value='91' gm='53.0' />
        <nutrient nutrient_id='269' nutrient='Sugars, total' unit='g' value='18.83' gm='11.01' />
        <nutrient nutrient_id='204' nutrient='Total lipid (fat)' unit='g' value='0.62' gm='0.36' />
        <nutrient nutrient_id='205' nutrient='Carbohydrate, by difference' unit='g' value='23.32' gm='13.64' />
      </nutrients>
    </food>
    <food ndbno='09006' name='Apples, raw, without skin, cooked, microwave' weight='170.0' measure='1.0 cup slices'>
      <nutrients>
        <nutrient nutrient_id='208' nutrient='Energy' unit='kcal' value='95' gm='56.0' />
        <nutrient nutrient_id='269' nutrient='Sugars, total' unit='g' value='19.74' gm='11.61' />
        <nutrient nutrient_id='204' nutrient='Total lipid (fat)' unit='g' value='0.71' gm='0.42' />
        <nutrient nutrient_id='205' nutrient='Carbohydrate, by difference' unit='g' value='24.50' gm='14.41' />
      </nutrients>
    </food>
    <food ndbno='09402' name='Applesauce, canned, sweetened, with salt' weight='255.0' measure='1.0 cup'>
      <nutrients>
        <nutrient nutrient_id='208' nutrient='Energy' unit='kcal' value='194' gm='76.0' />
        <nutrient nutrient_id='269' nutrient='Sugars, total' unit='g' value='--' gm='--' />
        <nutrient nutrient_id='204' nutrient='Total lipid (fat)' unit='g' value='0.46' gm='0.18' />
        <nutrient nutrient_id='205' nutrient='Carbohydrate, by difference' unit='g' value='50.77' gm='19.91' />
      </nutrients>
    </food>
    <food ndbno='09020' name='Applesauce, canned, sweetened, without salt (includes USDA commodity)' weight='246.0' measure='1.0 cup'>
      <nutrients>
        <nutrient nutrient_id='208' nutrient='Energy' unit='kcal' value='167' gm='68.0' />
        <nutrient nutrient_id='269' nutrient='Sugars, total' unit='g' value='36.09' gm='14.67' />
        <nutrient nutrient_id='204' nutrient='Total lipid (fat)' unit='g' value='0.42' gm='0.17' />
        <nutrient nutrient_id='205' nutrient='Carbohydrate, by difference' unit='g' value='43.03' gm='17.49' />
      </nutrients>
    </food>
    <food ndbno='09401' name='Applesauce, canned, unsweetened, with added ascorbic acid' weight='244.0' measure='1.0 cup'>
      <nutrients>
        <nutrient nutrient_id='208' nutrient='Energy' unit='kcal' value='102' gm='42.0' />
        <nutrient nutrient_id='269' nutrient='Sugars, total' unit='g' value='22.91' gm='9.39' />
        <nutrient nutrient_id='204' nutrient='Total lipid (fat)' unit='g' value='0.24' gm='0.1' />
        <nutrient nutrient_id='205' nutrient='Carbohydrate, by difference' unit='g' value='27.50' gm='11.27' />
      </nutrients>
    </food>
    <food ndbno='09019' name='Applesauce, canned, unsweetened, without added ascorbic acid (includes USDA commodity)' weight='244.0' measure='1.0 cup'>
      <nutrients>
        <nutrient nutrient_id='208' nutrient='Energy' unit='kcal' value='102' gm='42.0' />
        <nutrient nutrient_id='269' nutrient='Sugars, total' unit='g' value='22.91' gm='9.39' />
        <nutrient nutrient_id='204' nutrient='Total lipid (fat)' unit='g' value='0.24' gm='0.1' />
        <nutrient nutrient_id='205' nutrient='Carbohydrate, by difference' unit='g' value='27.50' gm='11.27' />
      </nutrients>
    </food>
    <food ndbno='09403' name='Apricot nectar, canned, with added ascorbic acid' weight='251.0' measure='1.0 cup'>
      <nutrients>
        <nutrient nutrient_id='208' nutrient='Energy' unit='kcal' value='141' gm='56.0' />
        <nutrient nutrient_id='269' nutrient='Sugars, total' unit='g' value='33.23' gm='13.24' />
        <nutrient nutrient_id='204' nutrient='Total lipid (fat)' unit='g' value='0.23' gm='0.09' />
        <nutrient nutrient_id='205' nutrient='Carbohydrate, by difference' unit='g' value='36.12' gm='14.39' />
      </nutrients>
    </food>
    <food ndbno='09036' name='Apricot nectar, canned, without added ascorbic acid' weight='251.0' measure='1.0 cup'>
      <nutrients>
        <nutrient nutrient_id='208' nutrient='Energy' unit='kcal' value='141' gm='56.0' />
        <nutrient nutrient_id='269' nutrient='Sugars, total' unit='g' value='34.61' gm='13.79' />
        <nutrient nutrient_id='204' nutrient='Total lipid (fat)' unit='g' value='0.23' gm='0.09' />
        <nutrient nutrient_id='205' nutrient='Carbohydrate, by difference' unit='g' value='36.12' gm='14.39' />
      </nutrients>
    </food>
    <food ndbno='09029' name='Apricots, canned, extra heavy syrup pack, without skin, solids and liquids' weight='246.0' measure='1.0 cup, whole, without pits'>
      <nutrients>
        <nutrient nutrient_id='208' nutrient='Energy' unit='kcal' value='236' gm='96.0' />
        <nutrient nutrient_id='269' nutrient='Sugars, total' unit='g' value='--' gm='--' />
        <nutrient nutrient_id='204' nutrient='Total lipid (fat)' unit='g' value='0.10' gm='0.04' />
        <nutrient nutrient_id='205' nutrient='Carbohydrate, by difference' unit='g' value='61.13' gm='24.85' />
      </nutrients>
    </food>
    <food ndbno='09025' name='Apricots, canned, extra light syrup pack, with skin, solids and liquids' weight='247.0' measure='1.0 cup, halves'>
      <nutrients>
        <nutrient nutrient_id='208' nutrient='Energy' unit='kcal' value='121' gm='49.0' />
        <nutrient nutrient_id='269' nutrient='Sugars, total' unit='g' value='--' gm='--' />
        <nutrient nutrient_id='204' nutrient='Total lipid (fat)' unit='g' value='0.25' gm='0.1' />
        <nutrient nutrient_id='205' nutrient='Carbohydrate, by difference' unit='g' value='30.88' gm='12.5' />
      </nutrients>
    </food>
    <food ndbno='09027' name='Apricots, canned, heavy syrup pack, with skin, solids and liquids' weight='258.0' measure='1.0 cup, halves'>
      <nutrients>
        <nutrient nutrient_id='208' nutrient='Energy' unit='kcal' value='214' gm='83.0' />
        <nutrient nutrient_id='269' nutrient='Sugars, total' unit='g' value='51.26' gm='19.87' />
        <nutrient nutrient_id='204' nutrient='Total lipid (fat)' unit='g' value='0.21' gm='0.08' />
        <nutrient nutrient_id='205' nutrient='Carbohydrate, by difference' unit='g' value='55.39' gm='21.47' />
      </nutrients>
    </food>
    <food ndbno='09028' name='Apricots, canned, heavy syrup pack, without skin, solids and liquids' weight='258.0' measure='1.0 cup, whole, without pits'>
      <nutrients>
        <nutrient nutrient_id='208' nutrient='Energy' unit='kcal' value='214' gm='83.0' />
        <nutrient nutrient_id='269' nutrient='Sugars, total' unit='g' value='--' gm='--' />
        <nutrient nutrient_id='204' nutrient='Total lipid (fat)' unit='g' value='0.23' gm='0.09' />
        <nutrient nutrient_id='205' nutrient='Carbohydrate, by difference' unit='g' value='55.34' gm='21.45' />
      </nutrients>
    </food>
    <food ndbno='09357' name='Apricots, canned, heavy syrup, drained' weight='219.0' measure='1.0 cup, halves'>
      <nutrients>
        <nutrient nutrient_id='208' nutrient='Energy' unit='kcal' value='182' gm='83.0' />
        <nutrient nutrient_id='269' nutrient='Sugars, total' unit='g' value='40.84' gm='18.65' />
        <nutrient nutrient_id='204' nutrient='Total lipid (fat)' unit='g' value='0.24' gm='0.11' />
        <nutrient nutrient_id='205' nutrient='Carbohydrate, by difference' unit='g' value='46.67' gm='21.31' />
      </nutrients>
    </food>
    <food ndbno='09024' name='Apricots, canned, juice pack, with skin, solids and liquids' weight='244.0' measure='1.0 cup, halves'>
      <nutrients>
        <nutrient nutrient_id='208' nutrient='Energy' unit='kcal' value='117' gm='48.0' />
        <nutrient nutrient_id='269' nutrient='Sugars, total' unit='g' value='26.21' gm='10.74' />
        <nutrient nutrient_id='204' nutrient='Total lipid (fat)' unit='g' value='0.10' gm='0.04' />
        <nutrient nutrient_id='205' nutrient='Carbohydrate, by difference' unit='g' value='30.11' gm='12.34' />
      </nutrients>
    </food>
    <food ndbno='09026' name='Apricots, canned, light syrup pack, with skin, solids and liquids' weight='253.0' measure='1.0 cup, halves'>
      <nutrients>
        <nutrient nutrient_id='208' nutrient='Energy' unit='kcal' value='159' gm='63.0' />
        <nutrient nutrient_id='269' nutrient='Sugars, total' unit='g' value='37.67' gm='14.89' />
        <nutrient nutrient_id='204' nutrient='Total lipid (fat)' unit='g' value='0.13' gm='0.05' />
        <nutrient nutrient_id='205' nutrient='Carbohydrate, by difference' unit='g' value='41.72' gm='16.49' />
      </nutrients>
    </food>
    <food ndbno='09022' name='Apricots, canned, water pack, with skin, solids and liquids' weight='243.0' measure='1.0 cup, halves'>
      <nutrients>
        <nutrient nutrient_id='208' nutrient='Energy' unit='kcal' value='66' gm='27.0' />
        <nutrient nutrient_id='269' nutrient='Sugars, total' unit='g' value='11.64' gm='4.79' />
        <nutrient nutrient_id='204' nutrient='Total lipid (fat)' unit='g' value='0.39' gm='0.16' />
        <nutrient nutrient_id='205' nutrient='Carbohydrate, by difference' unit='g' value='15.53' gm='6.39' />
      </nutrients>
    </food>
    <food ndbno='09023' name='Apricots, canned, water pack, without skin, solids and liquids' weight='227.0' measure='1.0 cup, whole, without pits'>
      <nutrients>
        <nutrient nutrient_id='208' nutrient='Energy' unit='kcal' value='50' gm='22.0' />
        <nutrient nutrient_id='269' nutrient='Sugars, total' unit='g' value='--' gm='--' />
        <nutrient nutrient_id='204' nutrient='Total lipid (fat)' unit='g' value='0.07' gm='0.03' />
        <nutrient nutrient_id='205' nutrient='Carbohydrate, by difference' unit='g' value='12.44' gm='5.48' />
      </nutrients>
    </food>
    <food ndbno='09031' name='Apricots, dehydrated (low-moisture), sulfured, stewed' weight='249.0' measure='1.0 cup'>
      <nutrients>
        <nutrient nutrient_id='208' nutrient='Energy' unit='kcal' value='314' gm='126.0' />
        <nutrient nutrient_id='269' nutrient='Sugars, total' unit='g' value='--' gm='--' />
        <nutrient nutrient_id='204' nutrient='Total lipid (fat)' unit='g' value='0.60' gm='0.24' />
        <nutrient nutrient_id='205' nutrient='Carbohydrate, by difference' unit='g' value='81.22' gm='32.62' />
      </nutrients>
    </food>
    <food ndbno='09030' name='Apricots, dehydrated (low-moisture), sulfured, uncooked' weight='119.0' measure='1.0 cup'>
      <nutrients>
        <nutrient nutrient_id='208' nutrient='Energy' unit='kcal' value='381' gm='320.0' />
        <nutrient nutrient_id='269' nutrient='Sugars, total' unit='g' value='--' gm='--' />
        <nutrient nutrient_id='204' nutrient='Total lipid (fat)' unit='g' value='0.74' gm='0.62' />
        <nutrient nutrient_id='205' nutrient='Carbohydrate, by difference' unit='g' value='98.64' gm='82.89' />
      </nutrients>
    </food>
    <food ndbno='09034' name='Apricots, dried, sulfured, stewed, with added sugar' weight='270.0' measure='1.0 cup, halves'>
      <nutrients>
        <nutrient nutrient_id='208' nutrient='Energy' unit='kcal' value='305' gm='113.0' />
        <nutrient nutrient_id='269' nutrient='Sugars, total' unit='g' value='--' gm='--' />
        <nutrient nutrient_id='204' nutrient='Total lipid (fat)' unit='g' value='0.41' gm='0.15' />
        <nutrient nutrient_id='205' nutrient='Carbohydrate, by difference' unit='g' value='79.00' gm='29.26' />
      </nutrients>
    </food>
    <food ndbno='09033' name='Apricots, dried, sulfured, stewed, without added sugar' weight='250.0' measure='1.0 cup, halves'>
      <nutrients>
        <nutrient nutrient_id='208' nutrient='Energy' unit='kcal' value='212' gm='85.0' />
        <nutrient nutrient_id='269' nutrient='Sugars, total' unit='g' value='48.92' gm='19.57' />
        <nutrient nutrient_id='204' nutrient='Total lipid (fat)' unit='g' value='0.45' gm='0.18' />
        <nutrient nutrient_id='205' nutrient='Carbohydrate, by difference' unit='g' value='55.38' gm='22.15' />
      </nutrients>
    </food>
    <food ndbno='09032' name='Apricots, dried, sulfured, uncooked' weight='130.0' measure='1.0 cup, halves'>
      <nutrients>
        <nutrient nutrient_id='208' nutrient='Energy' unit='kcal' value='313' gm='241.0' />
        <nutrient nutrient_id='269' nutrient='Sugars, total' unit='g' value='69.47' gm='53.44' />
        <nutrient nutrient_id='204' nutrient='Total lipid (fat)' unit='g' value='0.66' gm='0.51' />
        <nutrient nutrient_id='205' nutrient='Carbohydrate, by difference' unit='g' value='81.43' gm='62.64' />
      </nutrients>
    </food>
    <food ndbno='09035' name='Apricots, frozen, sweetened' weight='242.0' measure='1.0 cup'>
      <nutrients>
        <nutrient nutrient_id='208' nutrient='Energy' unit='kcal' value='237' gm='98.0' />
        <nutrient nutrient_id='269' nutrient='Sugars, total' unit='g' value='--' gm='--' />
        <nutrient nutrient_id='204' nutrient='Total lipid (fat)' unit='g' value='0.24' gm='0.1' />
        <nutrient nutrient_id='205' nutrient='Carbohydrate, by difference' unit='g' value='60.74' gm='25.1' />
      </nutrients>
    </food>
    <food ndbno='09021' name='Apricots, raw' weight='155.0' measure='1.0 cup, halves'>
      <nutrients>
        <nutrient nutrient_id='208' nutrient='Energy' unit='kcal' value='74' gm='48.0' />
        <nutrient nutrient_id='269' nutrient='Sugars, total' unit='g' value='14.32' gm='9.24' />
        <nutrient nutrient_id='204' nutrient='Total lipid (fat)' unit='g' value='0.60' gm='0.39' />
        <nutrient nutrient_id='205' nutrient='Carbohydrate, by difference' unit='g' value='17.24' gm='11.12' />
      </nutrients>
    </food>
    <food ndbno='21527' name='ARBY&apos;S, roast beef sandwich, classic' weight='149.0' measure='1.0 sandwich'>
      <nutrients>
        <nutrient nutrient_id='208' nutrient='Energy' unit='kcal' value='361' gm='242.0' />
        <nutrient nutrient_id='269' nutrient='Sugars, total' unit='g' value='5.72' gm='3.84' />
        <nutrient nutrient_id='204' nutrient='Total lipid (fat)' unit='g' value='15.35' gm='10.3' />
        <nutrient nutrient_id='205' nutrient='Carbohydrate, by difference' unit='g' value='33.09' gm='22.21' />
      </nutrients>
    </food>
    <food ndbno='18522' name='ARCHWAY Home Style Cookies, Chocolate Chip Ice Box' weight='24.0' measure='1.0 serving'>
      <nutrients>
        <nutrient nutrient_id='208' nutrient='Energy' unit='kcal' value='119' gm='497.0' />
        <nutrient nutrient_id='269' nutrient='Sugars, total' unit='g' value='8.17' gm='34.06' />
        <nutrient nutrient_id='204' nutrient='Total lipid (fat)' unit='g' value='5.86' gm='24.4' />
        <nutrient nutrient_id='205' nutrient='Carbohydrate, by difference' unit='g' value='15.60' gm='65.02' />
      </nutrients>
    </food>
    <food ndbno='18524' name='ARCHWAY Home Style Cookies, Coconut Macaroon' weight='22.0' measure='1.0 serving'>
      <nutrients>
        <nutrient nutrient_id='208' nutrient='Energy' unit='kcal' value='101' gm='460.0' />
        <nutrient nutrient_id='269' nutrient='Sugars, total' unit='g' value='9.94' gm='45.16' />
        <nutrient nutrient_id='204' nutrient='Total lipid (fat)' unit='g' value='4.96' gm='22.55' />
        <nutrient nutrient_id='205' nutrient='Carbohydrate, by difference' unit='g' value='13.47' gm='61.23' />
      </nutrients>
    </food>
    <food ndbno='18527' name='ARCHWAY Home Style Cookies, Date Filled Oatmeal' weight='25.0' measure='1.0 serving'>
      <nutrients>
        <nutrient nutrient_id='208' nutrient='Energy' unit='kcal' value='100' gm='400.0' />
        <nutrient nutrient_id='269' nutrient='Sugars, total' unit='g' value='8.57' gm='34.27' />
        <nutrient nutrient_id='204' nutrient='Total lipid (fat)' unit='g' value='3.01' gm='12.05' />
        <nutrient nutrient_id='205' nutrient='Carbohydrate, by difference' unit='g' value='17.04' gm='68.16' />
      </nutrients>
    </food>
    <food ndbno='18528' name='ARCHWAY Home Style Cookies, Dutch Cocoa' weight='24.0' measure='1.0 serving'>
      <nutrients>
        <nutrient nutrient_id='208' nutrient='Energy' unit='kcal' value='103' gm='431.0' />
        <nutrient nutrient_id='269' nutrient='Sugars, total' unit='g' value='8.48' gm='35.35' />
        <nutrient nutrient_id='204' nutrient='Total lipid (fat)' unit='g' value='3.60' gm='14.99' />
        <nutrient nutrient_id='205' nutrient='Carbohydrate, by difference' unit='g' value='16.67' gm='69.44' />
      </nutrients>
    </food>
    <food ndbno='18529' name='ARCHWAY Home Style Cookies, Frosty Lemon' weight='26.0' measure='1.0 serving'>
      <nutrients>
        <nutrient nutrient_id='208' nutrient='Energy' unit='kcal' value='112' gm='430.0' />
        <nutrient nutrient_id='269' nutrient='Sugars, total' unit='g' value='8.67' gm='33.35' />
        <nutrient nutrient_id='204' nutrient='Total lipid (fat)' unit='g' value='4.45' gm='17.11' />
        <nutrient nutrient_id='205' nutrient='Carbohydrate, by difference' unit='g' value='16.84' gm='64.78' />
      </nutrients>
    </food>
    <food ndbno='18532' name='ARCHWAY Home Style Cookies, Iced Molasses' weight='28.0' measure='1.0 serving'>
      <nutrients>
        <nutrient nutrient_id='208' nutrient='Energy' unit='kcal' value='118' gm='420.0' />
        <nutrient nutrient_id='269' nutrient='Sugars, total' unit='g' value='10.76' gm='38.43' />
        <nutrient nutrient_id='204' nutrient='Total lipid (fat)' unit='g' value='4.04' gm='14.43' />
        <nutrient nutrient_id='205' nutrient='Carbohydrate, by difference' unit='g' value='19.35' gm='69.12' />
      </nutrients>
    </food>
    <food ndbno='18533' name='ARCHWAY Home Style Cookies, Iced Oatmeal' weight='28.0' measure='1.0 serving'>
      <nutrients>
        <nutrient nutrient_id='208' nutrient='Energy' unit='kcal' value='122' gm='435.0' />
        <nutrient nutrient_id='269' nutrient='Sugars, total' unit='g' value='10.42' gm='37.2' />
        <nutrient nutrient_id='204' nutrient='Total lipid (fat)' unit='g' value='4.63' gm='16.53' />
        <nutrient nutrient_id='205' nutrient='Carbohydrate, by difference' unit='g' value='18.69' gm='66.76' />
      </nutrients>
    </food>
    <food ndbno='18535' name='ARCHWAY Home Style Cookies, Molasses' weight='26.0' measure='1.0 serving'>
      <nutrients>
        <nutrient nutrient_id='208' nutrient='Energy' unit='kcal' value='105' gm='403.0' />
        <nutrient nutrient_id='269' nutrient='Sugars, total' unit='g' value='9.45' gm='36.35' />
        <nutrient nutrient_id='204' nutrient='Total lipid (fat)' unit='g' value='3.14' gm='12.06' />
        <nutrient nutrient_id='205' nutrient='Carbohydrate, by difference' unit='g' value='18.05' gm='69.41' />
      </nutrients>
    </food>
    <food ndbno='18537' name='ARCHWAY Home Style Cookies, Oatmeal' weight='25.0' measure='1.0 serving'>
      <nutrients>
        <nutrient nutrient_id='208' nutrient='Energy' unit='kcal' value='105' gm='421.0' />
        <nutrient nutrient_id='269' nutrient='Sugars, total' unit='g' value='8.62' gm='34.5' />
        <nutrient nutrient_id='204' nutrient='Total lipid (fat)' unit='g' value='3.52' gm='14.08' />
        <nutrient nutrient_id='205' nutrient='Carbohydrate, by difference' unit='g' value='17.04' gm='68.17' />
      </nutrients>
    </food>
    <food ndbno='18538' name='ARCHWAY Home Style Cookies, Oatmeal Raisin' weight='26.0' measure='1.0 serving'>
      <nutrients>
        <nutrient nutrient_id='208' nutrient='Energy' unit='kcal' value='106' gm='406.0' />
        <nutrient nutrient_id='269' nutrient='Sugars, total' unit='g' value='10.28' gm='39.55' />
        <nutrient nutrient_id='204' nutrient='Total lipid (fat)' unit='g' value='3.14' gm='12.08' />
        <nutrient nutrient_id='205' nutrient='Carbohydrate, by difference' unit='g' value='18.01' gm='69.27' />
      </nutrients>
    </food>
    <food ndbno='18539' name='ARCHWAY Home Style Cookies, Old Fashioned Molasses' weight='26.0' measure='1.0 serving'>
      <nutrients>
        <nutrient nutrient_id='208' nutrient='Energy' unit='kcal' value='106' gm='406.0' />
        <nutrient nutrient_id='269' nutrient='Sugars, total' unit='g' value='9.38' gm='36.09' />
        <nutrient nutrient_id='204' nutrient='Total lipid (fat)' unit='g' value='3.08' gm='11.83' />
        <nutrient nutrient_id='205' nutrient='Carbohydrate, by difference' unit='g' value='18.34' gm='70.55' />
      </nutrients>
    </food>
    <food ndbno='18540' name='ARCHWAY Home Style Cookies, Old Fashioned Windmill Cookies' weight='20.0' measure='1.0 serving'>
      <nutrients>
        <nutrient nutrient_id='208' nutrient='Energy' unit='kcal' value='94' gm='468.0' />
        <nutrient nutrient_id='269' nutrient='Sugars, total' unit='g' value='6.53' gm='32.64' />
        <nutrient nutrient_id='204' nutrient='Total lipid (fat)' unit='g' value='3.51' gm='17.55' />
        <nutrient nutrient_id='205' nutrient='Carbohydrate, by difference' unit='g' value='14.45' gm='72.23' />
      </nutrients>
    </food>
  </foods>
</report>